,0,1,2,3,4,5,6,7,8,9,10,11,12,13,14,15,16,17,18,19,20,21,22,23,24,25,26,27,28,29,30,31,32,33,34,35,36,37,38,39,40,41,42,43,44,45,46,47,48,49,50,51,52,53,54,55,56,57,58,59,60,61,62,63,64,65,66,67,68,69,70,71,72,73,74,75,76,77,78,79,80,81,82,83,84,85,86,87,88,89,90,91,92,93,94,95,96,97,98,99
0,0.2745943029858336,0.8647576307401595,-0.22334378964190196,1.1252994626919592,0.8534648339535668,-0.8727871745059079,0.11698991520053996,1.2309857551540098,1.4233690152063387,-0.4517948909848336,0.4437891654454215,-0.23222774562978987,-1.5942624993306755,-0.4179234973173559,0.8321129153990636,-0.921766296775013,-0.047595618290127276,-0.034090285265926536,-1.2720854830693993,-0.20384562845392581,0.24472553922028698,1.979128619015056,0.7082467984942755,-0.38634062305947303,0.09203599123949031,-0.8470950524013747,1.2391466553980899,0.039939585591427726,0.28624334106825733,1.7244307892940902,1.1839476562270537,-0.27118372092086046,-0.908456330699388,-0.187269675158099,0.664296684008971,-1.237604348463225,-0.5105092083111248,1.9518748658815377,1.255968178546108,-0.38542368113877323,-1.3551976803756087,-0.9062491313047509,0.06583497763004525,-1.7799917263218308,0.32655060758262966,-0.993368896662385,-1.5337179137415038,0.39251191014155534,-0.6745602184938246,-1.2747326692126772,-0.12844943715070165,-0.43207710264022814,0.41615445681292385,1.4772804409779206,1.5212867874182017,0.4510196748222171,0.5371361336605951,-0.3497983611912272,0.11603967517344757,1.1709578254879962,0.035493251891377135,2.552325993793693,1.0016813682167915,0.495431336347013,1.9731724968882152,0.27366103640322176,1.4239999768688099,-0.4691438110795019,0.07909590254089242,0.10737551563979425,1.3065162037437075,0.22771971923603027,2.111211819827284,-0.1842168162267997,-0.7775110698340538,-0.24304137674665585,-0.22103521744247306,-0.755326646633281,-0.5616709553928366,-2.7314227276815304,-1.9586183528027687,0.0792582506548713,-1.322057598921273,0.8826692518492304,-0.21128841223822234,-0.15959442188276418,1.960896732202116,0.5375080150941285,-0.1974429890667508,-0.41875618887207305,-1.3887158228454772,-0.06407586096356367,0.5271177117459072,-0.9355763566540489,-0.3669574471375172,1.13628181560869,0.5823328224688883,-0.47609984051680965,-0.33411248136967336,0.02880959677188385
1,-1.6056660798276736,-1.2985684033066796,0.6762032944117277,-0.6503095341613214,1.3424882239447804,-1.0120588064640632,0.8394503413302422,-0.42873789216414765,-1.4328763163492562,0.45028987501540374,-0.5686760442383934,-0.4469264364987628,-0.5981484713561257,-0.5609799143617172,1.1350410657949086,1.3436881884862886,-0.2781967094980328,1.2254797444687326,0.7193621481377953,2.0010179584688372,1.1943997186029693,-1.6858725687065812,-1.874619702612542,0.8833789030017948,0.7449186935645324,-1.9415648275027693,0.9778276862453263,-0.4226520301639082,-0.979181500666608,0.33661147614837805,0.5056949072062477,-1.0005437255505225,0.9867920589016977,-0.6656217528527133,-1.2178651725630176,-1.3259805878556192,0.40017385107266695,0.6202619545256883,-1.5813021547875277,0.17223807884284895,0.4288144521131987,1.3971177682943985,0.6494738194926446,-0.0643041473913706,1.410305625208663,-0.48045483156533536,0.43998363161493204,0.2179973642314986,0.09712482051363049,0.0920857082064065,1.323962725470636,-1.090804509555018,0.7935367669268294,-0.3800494224289338,0.355242349501482,-0.16553334456762764,-1.1469280211244666,-0.7755831639552323,0.6269261370258297,-0.023179751721846577,-1.123610690842891,-0.16498799235721281,-0.8403879353808011,-0.48985394232917984,-0.7086862098884089,-0.3201175212799448,1.2417203522562825,0.4865907303362027,-0.6111323523315628,0.28131901497560946,-1.6627032579329712,-0.6811076324636515,0.6481858864487415,-1.0678282125619232,-0.6225886112640792,-0.46691173292597926,0.8059219207340121,2.0197297184523184,1.945592043300611,-0.1062894359304177,-0.7843417331573973,1.3765536268691574,-0.5868222069522698,-1.615984888245774,0.24198488039958058,0.22586358292295242,0.12303582332340933,-1.6142241934181694,2.076210122850915,0.637009646313049,-0.846462162216847,0.8314552475665845,0.7967787730562309,-0.5565586792464795,0.5124113612777095,0.496561986728847,-0.02916678229338591,0.7699257969106371,0.04991880567347875,-2.477783171279971
2,-0.6704489423037188,-0.5075901188749253,-1.3496802173110691,0.2104484525386006,0.14396495289764055,0.9856191224867904,0.0013244704046090536,-0.3317997255430855,1.3112675996162908,0.9786520347197012,0.3246971869364381,0.02330469088443143,0.6343110775987635,1.1458025195841728,-1.4656892720077477,1.5380148593972358,0.35735459914125794,0.3802277704815791,0.26287051177996235,1.4797662049851095,0.2696191947678866,0.4141824732156518,0.24337553104268292,1.0210817257068565,0.04475720914507376,-1.910139119277908,2.278332828082505,0.31745021337054957,1.152781610130199,0.9875049098168547,0.054924139997251445,-0.3865090201645375,0.4471950712100653,0.2812331975629126,0.3471247489578133,-0.6405466303417983,-0.1474370746113669,-0.1285776822316059,-0.7077061482965693,-0.5744275301521994,0.073239053433846,0.18012580044863685,-0.9008664542705241,-0.5936928640478651,0.12548466008668455,0.2083686879146239,1.2923255206572974,0.44905293568228327,0.4744870904036789,0.9598449747422826,-0.13469313822888648,-0.4832098471243215,-1.574002426321824,1.9689868092344522,1.074607986420071,1.199673876557122,-0.9235685806933998,-0.7753845651371278,0.12316280493490582,-0.8309213328557494,-0.29352965778141615,0.725098772241762,-1.351440610666648,-1.3176412377628477,1.1066681122040383,0.4551599197936602,-2.576404268358113,0.1874323364657767,-0.5428572292409265,0.09794721938523047,-2.179023785228538,-0.6596535522921042,-1.787169089850692,-1.413849880170321,0.4843072776452148,-1.0591218818297574,0.22960469377358306,-0.4817876184438005,-1.8427443660602039,-1.3066340055213181,-0.9730460229699809,-0.22718134935330161,0.8947118849338526,-1.5425014318429202,1.4634328385695348,0.4249183416907443,0.3888969632577922,-0.0006718580680811794,-1.2227742673689233,-0.3128426279750766,0.4179332257117276,-0.5203466165485015,-0.8436857485761972,-0.39657249193778643,-1.5532204897134316,-0.8602018199710082,-2.257992763029098,0.44521195639695255,0.44792159822666966,2.0584809017715204
3,-0.5291136569272804,1.107809080739104,0.5871606045607318,1.3883154417479042,2.3121262732881234,0.06992835816122117,0.5928800124039229,0.3318242204927855,0.28262894173801384,-0.4875346904128739,-0.6026809954384741,-0.7494842647376343,-1.394710813871835,0.27285816048128286,-0.7437435289269342,-0.9117139219651141,-0.013571333384832846,0.650583401051021,0.7046827161008629,0.18185560419054864,1.2718986914023884,-0.5291958465552252,-1.6805612431792862,0.10938803793060572,-0.1649453266692046,-1.7297166456742559,-1.809223434278256,-0.39097185484314717,0.11097696307224594,-0.7276002389370936,-0.22953256477452152,-0.8657588979537565,-1.1298562904603624,1.5808042439675447,0.17363837691593023,0.2677188391446446,-0.11144421078790757,-0.9135164114360087,-1.3839151610890759,0.7953993678425524,-1.5301685692674176,-0.5185236604688916,0.33648639616694404,-0.682719582228755,-0.3184472632447916,0.5708982411287205,0.052593431920499055,-0.16259448585786349,-0.14502390305212864,0.9965395354139429,-0.6350426456815673,-0.8646546705673919,2.1029711256516714,-0.3953658078895616,-1.7187484343176442,-0.37489148288352486,-0.31855772244200276,0.29119883086254567,-0.00984566628329855,-1.8546924741358586,-1.224006462270472,0.12628596694056113,-0.2633897627418267,-0.046394269718695515,-0.9493690356914358,-0.2920028744038444,-0.6237424798683201,0.4886117224202779,-0.9873983678908598,1.244350844830802,-0.03600485453032848,-1.3460994704099478,0.4115716065016687,0.5692459323231845,1.6601677109729622,-0.05428531581855839,-0.6876045819193439,0.40267416530628414,-0.6280767282703986,2.832464585775858,-0.9778347995521661,0.42350934997526934,-1.0409319535087092,1.1554168798275863,-2.473198760630414,-0.9561646173017799,-0.23469773277655898,2.494783097913323,-0.9037724890703541,-0.6794439534353715,0.07549006052792968,-0.05164954573338127,0.23433891571465135,-1.0816361809738466,1.4839131442209972,-1.330215341212429,-0.4155101217648427,0.26774642535231385,-2.1751362978972635,-0.1515297250565181
4,1.5159716466915683,0.18199992111109606,0.03098958812358368,1.6198682025983302,-1.0898728067699937,2.107686016732835,-1.4888926430708556,-0.7481227147400656,-0.9339568304450706,-0.4257908712041528,0.9267909526037627,-0.46922347482522747,1.9511461032960724,1.0276278418264753,-0.67586696293899,-0.02599622085573212,-1.138025502881164,1.0383399659593153,-0.9859547769064342,0.6662445387303463,-1.9177375379926893,1.1932408307563476,-0.8774574350623887,0.6155036229160161,-0.7573782835506946,0.8383853625760915,1.553190015000432,-1.7295320051877558,-3.5698219712576686,0.7960470051470449,0.13265954956842482,-0.0432890098733943,-1.5617348979958297,0.8964257143980436,0.7186936201613964,0.7215707192764379,0.8829723739335907,-0.5242300613159939,-0.9894212103709286,1.3807780444959263,0.3841611673577068,-1.5048237274522045,1.737445445904691,-0.5649966380702043,-0.1204113269429679,-0.1251806846582321,-1.0524400353749646,-0.8559396970578299,-0.13165737891076923,-1.3604329038440104,-0.4118475207081869,0.642163743884019,-0.4626145700243188,-1.4218971052855116,0.6847779658929695,0.0777771207038872,1.044097876430001,0.02490412581750917,-0.7839818096538437,-0.7394457102198017,1.3888925958812102,-0.08096759806464723,-1.248216055687579,-0.5843169548347651,-0.29845046423971966,-0.04673674246990463,0.14230683090469415,1.527080649005833,0.6831152129336117,0.0678794331217451,0.3118025214989565,-0.9249317247316433,-0.1000991806328332,-2.097126027761647,0.9601161835737674,0.5904495895049277,-1.4068917916970332,-0.8720095990130092,0.8774770957145823,1.0789038838641867,-1.7288016395736503,0.7386951149846387,2.5660809604887023,0.11816485966039703,-1.5732046914678564,-0.6323915917307679,-0.353538219173678,1.5297910862280368,1.595059616810651,0.08425274746872922,-0.5318040223892656,-0.07893654686968754,-1.6207456543500665,-0.04277168068865675,1.4630125693200213,0.634571511302424,0.5741998944506349,0.002008354363558935,-1.1402065219494384,-0.9246431143757432
5,1.9010709138852242,0.7871680259591064,-0.12042375754557444,-0.22360771316340966,0.3990862913216056,0.045040571681612,-0.05500921158871281,-0.6475901311106599,-0.3946835153850483,-0.3621953022383792,-1.142137452630062,-0.4518525867326288,0.11911496963158466,0.022237792239046934,-1.8728159970327685,-0.5407292001355212,0.8322533651245192,0.2208810577254821,-0.5348829420845875,-0.44620676847747587,-0.3877185945526098,-0.396702978873945,-0.8034899861471305,0.03978117398027162,0.3147864415096391,0.8713649902491113,-1.178043108790619,-0.5644910913724078,1.5941417015107855,-0.5230390109711343,0.2925475400128033,0.23388852138453042,-0.6538783570499294,0.24818305089530213,1.9332692511570484,-0.27285775578549104,0.8738941326642137,-0.4208901270029877,-1.0647082614836516,-0.7663995406409915,1.006054565748578,-1.8610025184304937,0.30605025985923456,-1.1669193949395975,-0.14258642096227347,-1.9329231382646754,-0.29634905663027555,-0.8519969246599013,0.4735074646319418,1.1848222169980225,-0.25777575676526904,-2.667149748495512,0.9505112170204022,-0.14261536344919998,0.9619526214459284,1.0927397011606579,2.0359583828561703,-0.05007977503201305,-0.1779159763568648,1.2169519521020726,0.03242145588586818,0.6261249538080148,-1.5635731596006488,1.164502057318681,1.1015992656974103,1.1275422181250478,1.4210609274614212,-1.466273448315246,-0.5517157021735943,-1.1129566265721167,0.38523572573417225,-0.7436443285562183,-1.4389440627407475,0.13036469183963245,0.6665246795043102,1.0985869928683323,0.4844247792969168,-0.4658903072488054,-0.40929562413133697,0.9458964241691956,-0.22634539425179426,-0.2552020170635876,-0.5959568310824639,-0.41543516084270093,-0.4806025853039428,0.6100013719029503,0.20145781127323298,0.9108417753265295,-0.4921547527856818,-0.17630167738191857,2.034409039181559,-0.9034477337877822,0.5084077425012085,0.04140076096910212,-0.7218333186754141,-1.1800359981651165,-0.33889197886339806,-2.123222546738018,0.14949191965616643,-1.2416542525472165
6,-1.4205844318479561,0.7141462924443924,-1.6357126580359957,-0.9497514366823913,0.5759860226389829,-2.3256752965081118,2.32084118444852,1.2030611588576057,1.0141384596562606,-0.25773750906125925,-0.08270033449387597,0.2632615939694333,-0.3492344102076226,2.790714599636511,-0.6352037019428795,0.8930148606609583,0.37860482447840843,2.9715857518705184,0.43406042996251254,0.5703609533761027,-0.1522155227165958,1.7670340328655811,3.275855996868272,0.2669880019390479,0.43618819406174963,1.1604558961232303,0.027879239623551755,1.435750825980973,0.17260383099727636,0.3986965629838936,-0.9472381389665328,0.08305641831040654,-0.2985669116225329,1.6779934480453735,-0.6532389454142549,-1.8429222002153482,0.8482787317416418,0.6048338765092632,-0.6830643531260344,0.08180426916130495,0.23488362837017177,0.362389630059518,-0.12919549019026708,1.0691455096408686,0.1443050040671603,-0.5495630309946925,0.3463792476925473,0.7559359954895735,-0.21400655160662538,-0.6064900526645858,0.8188849403375316,0.8600502093735298,-0.5886525453092926,-0.006997866314880817,0.11047071050797763,-0.47863077192438874,0.2290489903091037,1.8763486271694265,0.3068216112522791,-0.1286879966399885,0.9534202021040333,-1.0633959984742274,-1.0024539971034454,1.4905736418429376,-0.6271380421925296,1.5683075577770358,-0.8268862049235701,0.17660765493247643,2.2206117897800843,-1.6102485924269836,3.024030119997063,1.0481005980224056,-0.23881193595007352,-0.4613238132911859,0.5654983350743621,0.6659145064292924,0.2963188466270957,-0.5530309374181929,-2.650668639937785,-0.7491039908008817,0.6490572781455864,0.9197808890822176,-1.6718910142728265,1.4736012151187625,0.43357560044082777,-1.9456182026118267,-0.11508648981226026,2.202127179806669,-0.06153016500195167,-1.2432106752434997,-0.3043702800094048,-0.8782167542516521,-0.6863455591138352,-0.24145597581450667,-0.15518041190384954,-0.6484694427104466,0.12835971688752984,1.3946054954780902,0.5967872093597836,-2.480190612579735
7,0.3304185048908552,0.2104715273697813,-0.6165710941014781,2.0113834233403307,0.40205881702469853,-1.7700620033410623,1.226229470180243,0.4065440606844809,-0.050523533813913134,-0.6366615629896796,1.5022822328879473,-2.1729471120449544,2.527738814863552,-1.0382496796430705,-0.5961924429112415,0.6499557449440362,0.5126188832614894,-0.7803971440383589,0.6113236467517007,1.59493813108264,0.5614369015751601,-0.16881177952379522,-0.3294308104731853,-0.8345887552888323,-1.2957422681665067,0.002441653139749193,-0.8609724412315929,-0.9039311841121942,-1.4794937994588928,0.9341323786750698,-0.23049958002564339,0.4215561563959471,0.8241273084269578,-0.516730767415165,1.1586897623462242,-2.9616870774773427,0.2509164791601807,0.8350717428625887,-0.8605020544839381,0.5584459655131325,0.3778062784574122,1.2111328842870044,0.4059666673140908,-0.44170132181778593,-2.2341719038380177,2.0469005183560482,1.074237254018179,0.46872857811445257,0.1753718601381247,-1.3773328913458098,2.296284455226333,-0.45269235061437413,0.0321059608954401,0.15276556711260567,0.6281467022037602,-0.2945920351709125,0.6689611515356889,-0.46146803340384607,-0.9716969878824522,-0.6290999266312675,0.13996637153098565,-1.2144573116516366,-0.048831051845076516,0.14958196613297098,-0.3517496552440922,0.045112270398256646,1.8603116773652093,1.4576428128883026,-0.6398579256507632,-1.2535271873261034,-0.4979174817074098,-0.4955906929088849,1.0127976675850143,-0.6522585931979428,-1.743086028837154,1.1344298854942845,-0.2434380052212307,-0.8558633396028561,0.06505629505490367,1.3819440610327058,0.5804756182174705,-1.8865261504158837,1.798871869134501,0.02510819031154333,-0.9645969292437733,1.2695827965320918,1.1871767792820385,-0.2565532641560815,-1.3780902795827996,0.3060357918494052,-0.7160326495940125,-0.11517263983758759,1.496002277208165,-0.3852661581140945,-2.215316695466085,-1.5875787762255724,0.5452655249265478,0.622854107192756,-0.9688586212590184,-1.287924109774627
8,-0.008324872233298886,-0.821381662283008,0.01697074910233609,-0.006793898189899866,0.7538148553261318,-0.5998067921776827,-0.7223493073237307,0.25631580307618085,-0.8295300160340513,-0.891564578727615,-0.46195344599941474,-1.1586439299989801,0.8882323974236291,3.0034783993397003,0.23850471831099623,1.1996876167570925,-1.3927094976854664,-0.9588742815518533,-0.27245767169326734,0.9781665606804887,-1.4677642647150908,-0.45974468305186517,-0.0971358453096891,0.6676598889391131,-0.37063058488510353,0.8370970030598149,0.996919071665094,1.5518004812707968,1.1049371422589285,2.511811742778236,0.17837943903738315,-0.45796907023109784,-1.496574886384488,-2.1645438968914816,1.2168515519853567,-1.67824775574155,1.4783718386826157,-0.4825840040924012,0.6561762401704746,0.531062608321461,0.08477753407734466,-0.2046494477982519,-0.6736545108347991,0.12481738539701531,1.2755418791489357,-1.2088092664345793,-0.450530127197837,0.2675264535047713,1.179138530760968,-0.5594503320940725,-1.5693147788282504,-1.0026439667110738,-1.4558019197834822,-0.48093520792950606,0.3187217898888762,-0.667803785775919,-1.0309593855801162,0.43341791456256323,-1.2118922417507492,0.31207814753159063,-0.6335962022121933,-1.2493425278307981,-0.02317042075949,-2.810523457693837,0.17780561515866103,0.7468383941865024,1.1775473211352412,0.8768452392786305,-2.0961183129349457,-0.40155026962325147,-1.5643473899771991,0.8972962290347419,0.6440509419261805,-0.6903876312978453,0.46739743781885196,-0.4591365910374422,-0.5116576585676437,-0.6506756825479998,1.2602465806044614,0.6464667266624476,0.2739224635510768,1.751057788715279,-0.7557808124460982,-0.236131138482903,-1.8794327319802664,-0.48281363003157973,-0.20186748910314942,-0.5531982688775048,0.53433447040617,-0.982114239286166,1.6735678861195682,-0.6438565959714001,-1.2269867888842638,0.5734836221132431,-1.1079571982416179,1.8428401978528206,-1.0857537345382515,1.5711671873655986,0.2612025504648941,0.2342089798559627
9,-0.02945058030705562,-1.277013375690114,0.11130399504129791,-0.5329249334994006,-0.4589559146476049,0.4573236899340646,0.627729180146533,-0.23062188937509573,-0.7356184038488692,-0.0385086589186756,-1.1947877759818744,-0.386696769857888,0.1876378005318155,1.1339900023665277,0.6892756702464089,-1.7267848785657618,2.619004350269819,0.2994605465323668,-0.24204156807671418,-0.020255787241072302,-0.40534372287606196,-0.22064755279483653,0.057916716451336586,0.5991881534886615,0.47559676116947647,-0.8311404734404936,2.04797403626369,0.08593623328360003,-0.9003647215354311,0.4804106300920971,0.7626115392401098,-0.22743611878988879,-1.241379963806885,0.2392208780767282,1.0817962575153777,1.7188131474820285,-2.2859221374434298,1.7017145112667231,-0.2983344419208785,-0.0375976569386797,0.7401376627560852,1.1538930279377695,0.4022100992538175,1.242620714532015,1.0088963981359573,0.6232953515446141,-0.19734068296170854,1.1874409120487825,-0.33998922849526697,-0.09444703420678938,0.8503696113134497,-1.3215316508299921,0.7401662735907096,-0.7280444454960759,-0.042821051366286195,0.4912693904055467,-1.0661993924409254,-1.0458882707542796,-1.8587732396036662,-1.101137208782676,1.267724394560563,-0.4133819633449926,0.40692044509775166,0.4828675642403963,-1.3273142008033518,-0.41152182735678267,0.04374619156857628,1.3920151923878992,-0.6645916506777902,-1.2366978511253093,-0.5977731627953986,-1.1514088239036415,-1.0382974964956855,1.5603662530085167,-0.3670409856981521,0.5128514964732585,0.7978222507909809,-0.39165733442161454,0.28260364262940935,-0.05496071583230284,-0.8564523086322895,0.7554419202649525,-1.823049135734402,-0.39258830596547395,-1.1827381946955022,-1.6691596716520007,-1.0459766401149646,-0.5803935111282316,-0.6414978438098373,-0.5278712693458273,0.7346296154083285,0.9630846294304207,-0.6370213329681732,-0.4927514950731885,-1.7766392380923608,-1.1752760223205128,-1.02732966102838,0.09426251976458272,0.7508887541129616,-1.2843850421091276
10,-2.8508913677485364,-0.0025044434272233984,0.5768742822109737,0.6298970319984675,0.7225069634623614,-0.6378271455796565,-0.5861794152837816,-0.8336942043240535,1.1703006121676751,-0.16299588005374316,0.2007132712859878,0.3713024854225145,1.1582746079530706,0.7228398247797584,-2.0360478392533654,0.07790561798520253,-0.4090777469404534,0.13252359853504497,0.16137638702155613,0.9357552148719623,-0.29387162391741084,-0.23217397150962762,0.7097735225457793,0.614126463549031,0.2847048353327541,-1.1893522193963775,-0.853947982006204,-1.2453875669387748,-1.0508376886991517,0.3081113821004844,1.9362091348367483,-0.5388970465065186,-0.25666559589790733,-0.18319946557413255,-0.3397537049216815,-0.8206988975468169,-1.3062281469169228,0.8568480868426455,-0.6511560594629469,1.4222863214710029,-0.4631842635332138,1.1548791268718257,-1.595877644292265,-0.1004596345070737,-0.8413708229976724,0.7238268080843098,0.8436342525773243,2.6825009249814564,-0.8729385473659602,0.90892953033466,-1.4679772032080827,-0.339285798511505,-1.1771929321915233,-0.4571807113238361,1.269990386931514,1.0319155723781823,-0.09772110399248872,1.0740888884621127,-0.6152299625328528,-1.565880982104268,-0.4724596069304729,2.4340730046520336,1.1587472403497416,-0.19003515297634627,-0.226909584266836,1.574019987429959,-1.1776507981259166,0.112655721171965,-0.475392674785249,-0.7722995302929703,-0.019031747154066397,-0.13411738439730514,-0.2825280272028997,-0.6717446477351516,-0.628813260289389,1.1747593138898313,-0.21260270287281885,-1.043437162862335,-0.08716414402941418,-0.9861553049852523,1.0339304454040998,0.2854512954888011,1.8923248652542897,-0.07036283611196516,1.4197908384954159,-0.012947035362140563,0.17360075144003387,1.4449390319068456,-0.2881170739977843,0.9082907348651634,0.06319285582979224,-0.2504679678222342,-0.9275851248875195,0.9032802261200849,1.2911235298643184,0.16420632490874446,-0.4817335202103892,0.34589807788715154,0.31378038223339316,0.4482558050849993
11,1.6775307182343069,-2.3748303837342752,-0.34116689545432693,-0.9636632745781714,-0.11612518934410747,-1.2603308909929518,-0.569472694855781,-0.744229741986402,1.3279969017473727,0.20079510025571248,0.9755531253459058,-1.555595151747965,0.3702243659559206,-0.36409216836832403,2.39274942759955,-1.3389129724760638,1.8911090643209143,1.2574025919855831,0.152089478924849,-1.1654620888130247,1.423731247671328,1.6319700413050298,0.3637826492873733,0.2926913252453807,2.2861384873418693,1.6545105900091084,-1.2053797674044462,-0.015326791075689603,-1.6056592981948015,0.3191317986917479,0.6044679897936056,-1.3395751513861758,0.011309191562192358,0.012417128718658802,-0.3675779513771998,-0.9352840879678535,1.3076287385343246,0.7119926163735658,0.22764381355495775,-0.29927637797930584,-0.745725070575378,-0.05113642235751042,1.781390624374606,0.8469925701395089,0.12936757187424858,-0.1839902507605959,1.0471427687141523,-2.0111832100196976,-1.089469351422806,-0.7085493163160742,1.2113549737735532,-0.4054362216708394,-1.234893623198768,0.9904261724714464,-2.3177394805120666,1.622509134880683,0.6976905176576459,1.0738485703449174,-0.9058608947385315,0.888604093599578,1.5081653180449635,-0.7725296468026608,1.4954772950978898,-0.21079418294769023,1.63045573725117,-0.2532528635594909,-0.7191900813302452,1.2382117432852013,-0.3656073828855628,0.08859939479723408,-0.663276090861953,1.4203859794060418,-0.45929394825163955,-0.41744737617025435,2.0574129652366047,-0.9650838188850074,1.4750765946072038,1.0573506933259962,1.7284708985420563,-1.5139766830672285,-0.6265996891333074,-1.388143183402205,0.3186590507155437,0.005829557370771783,-0.7945078825306234,0.5830240433312052,1.1750103193342707,-0.8894623277099194,1.1332868336588553,-0.06485773672334001,-2.3943488276503704,-1.5769825387807266,0.01038207848987238,1.2538843309806997,-0.5808778356944623,0.02708276915339328,-0.6556825300476942,0.5672239774044858,-1.8580571930076686,0.03284287656692248
12,0.45553865010778727,0.5461438116680475,0.4758631292907774,-0.7121888792643574,2.290399344821616,0.031091254073901245,0.5372674467584123,1.0479564112443611,0.3361029107026178,-0.21904947427532906,-0.1505403445747174,-0.36059883130867415,0.23951029726972323,1.567519818674319,-0.03487918291104769,1.2215455550768624,0.5065825443160674,-0.24687425821930148,0.04775951269355214,1.097629925502455,-1.2895528495775057,0.9082453644332993,-1.5748058928549789,1.91075925365659,1.8840954701818877,1.7644912747744406,-0.29245203910338313,0.1989427678832137,0.9178914250735052,1.1272974548926191,1.6050739184455316,-1.7514726187656646,-1.851742990695682,0.8897423401226161,-0.6665782141471928,2.6895678333637005,0.8447838154255722,-1.5529088757016782,-2.350870460347774,1.5202214315402087,1.1003041918645233,0.5075538966904546,0.34906282333121247,-0.7040064951117266,0.49018118075565903,0.6440918915750895,0.357747129886757,0.43886129663180923,-0.19709986744590616,-0.06208501616101544,-0.626554627881305,0.9801350637313511,-0.10893382422986743,-0.5499994457527737,-0.9872695573281783,0.27645249049216386,0.5996256446412439,-0.5483607786862232,-0.8024481521086776,-1.2777238547179406,-0.44186196086555296,0.9669699968234349,0.17619941515124724,-0.4952733891511356,0.687850761863127,1.1132876121378774,0.16399065393717674,0.8117535459468992,1.0409438230531147,-2.2707836067635947,-0.12921197155482939,0.8715887633737891,0.03297129088990991,-0.2143795689574438,-0.9170224027755342,-1.2213162959257768,-0.748302569081129,2.079440065774152,-0.602573887612319,0.3531997411090469,-1.8750540350696228,-2.421814522312007,-0.006311469099037153,-1.548847645478449,1.0537174925817436,-1.684664883052162,0.36285235201869304,-0.06793043904513409,-2.743931782130667,-0.37058224956483454,-1.8650471514891342,-0.9292477365996479,-0.051477508893389014,0.720494371371024,-1.5336732221375755,0.3459824066611265,0.5362288996589865,-0.8905448028174416,0.6645226142217745,1.115835583023155
13,0.1186985294483178,-0.9112948938818795,2.130938922483815,0.8922523881863835,-1.176830015058946,1.0198896098736607,-0.6533799532984762,-0.562496117592986,-0.7644319788138262,0.7860952897006278,0.22784961908563953,-0.05804770432650725,2.2285397618700795,0.30151903021301235,0.46486525590923583,-0.9953319206324909,-0.738375352670458,0.21111031241155453,-1.668414593442352,0.06409726802696637,-1.801610625497707,0.6040310485250568,0.9937004867460617,0.2826935919339026,-0.2740626188374837,-0.12668546936765757,2.2803796567899526,1.410747530268717,0.00870989792126163,1.6630373510599763,1.2101817771873227,0.11228107959263203,0.6783800910046502,-1.499493717752088,0.0951003283837789,0.10754110628050041,-0.5757687245972485,-0.33486261835113834,1.1269743581204523,0.21811707523145332,-1.2801343240643488,-0.04315921703847828,0.24554675955888805,-0.39354977285083736,-0.17239458488492582,-0.18848689635521135,-0.9411831883997873,0.2375718992848627,-0.5309400739196969,-1.010410061754674,-0.3578163745950907,-0.2561381787092247,-0.9892636443107157,-0.07455265551296493,1.7878394211902262,-1.5164024459002083,1.3549552563554528,-0.6177277564458604,-0.5341487425363545,1.368918304590986,-0.9317914431885007,0.39047905910965564,0.3623142517566734,0.01347094542361821,1.5743158944453786,-0.5798652731485979,0.16381378472931726,-1.1022606627714473,-2.153986948241455,-0.7276097445326287,-1.3594266986657109,-1.2134210154047151,-0.6148084461746693,-0.9732558176483,0.24820353479462526,0.8461194913467853,-0.2834127800901411,-0.7788301821312185,-1.7617143144253216,0.08244757240886078,0.3585686115897777,-0.5001769464591278,0.6950377193930776,1.3363453358629005,-2.5320906537696772,-0.8391043192731236,-0.5796454113650548,-0.6205335724960053,2.9316085367873628,-0.7498406689873154,0.02976703603672545,-1.1293870984567893,-0.5585352929462472,0.08145092410134191,-0.46271582384439086,-0.8425958493536189,1.9762368390254883,-0.8584422534891292,0.7779045320329033,-0.44678707719038446
14,0.7066456648210059,1.136450379341814,0.2562979900974347,0.02274609282137559,-0.12389934780477582,-1.197922994315946,0.4561102385660384,0.24813171327157899,0.7540694614426457,-0.514316237067856,-1.368504565705883,0.9119128087816956,-0.15788462491587427,-0.00014284177457537917,-0.6033233866990787,-0.38140915114555723,0.3733279861612554,-0.03362384887902029,0.8670883618172254,-3.055282695120135,0.2927658661015129,-0.4747391179723704,-0.03498308869961277,-0.8915909405626091,-1.8558205359082682,1.6822016397642576,3.0395355440018026,0.4960406171811842,0.03358877084460666,0.15369183474520604,-0.2868199993274491,-0.06629427386268932,-0.4564091510701849,0.12868720693685534,-0.24184015072799742,0.5665958025706099,-1.1290996476626514,-0.060307343427529844,0.21813511985378256,0.44040113374730516,0.908446569346482,0.1484807628477273,-1.1978675595852886,-0.30248668695353803,-1.5006912753848278,-0.7262771503116462,-0.5026679330824908,-0.5321988142919226,-0.5907128999679396,-0.3090052465469692,0.8768990084144319,-0.2950951138468336,0.18756540391697996,-0.0790169962464839,1.0583553901838727,1.3706489763892535,-1.1050009396593454,-1.8505816354406328,1.180745350709929,-0.6707324569741882,-1.3184186923149197,-0.8216064102302417,2.605010989522493,0.14855818447359007,0.25549724379644,-0.5169877364841324,-0.05335235873526105,-1.5967667340274767,0.22465318913981167,-0.06574314362293994,-0.7175341603676552,0.055415150644099506,0.2979859350403274,0.9891206181390307,1.1944158852115505,2.078486406328331,-0.06461703530754634,0.33531587842409966,0.1769589449257323,0.6617876427490798,-0.06359762339317848,-0.0204203878974016,0.8395618628952378,1.7313745935606248,-0.15223399063497828,0.08705430275299923,0.8397611924999333,0.5195626871489228,0.8756333453572264,0.7950736272951763,0.1680635915447162,-0.4342184484160399,0.7498699411065846,1.2386236480052604,-1.0827682400727998,0.17816979079579273,0.6328475857359432,-0.7467263112003751,1.0675547397536618,0.8003489172830935
15,-1.097317889325699,-2.177878111124198,-0.9141840252913002,-0.43732823380108043,-0.6616470361440541,-0.4490292501858024,1.3982024819342906,-0.9657862288775702,1.4053688825019754,1.2605326969660748,-0.9652050169787434,0.6772882237814576,2.170635691927473,0.2909908974225808,-0.368735149839851,0.49286574547155665,0.23803947295736225,0.4188389774578944,0.04427021445666078,-1.0147755649584298,0.5877587743848686,-0.533120552275862,-0.44965982662072895,-0.3622621155160259,0.839580545317036,-0.2237378281166286,0.40506381282086046,-0.43723212406641276,0.8227986985255358,0.24704817660866205,-0.3947236084373879,-0.7312517124395357,-1.967616555078381,-0.5322651653076218,-0.9222899463990594,-0.24902847879723508,-0.4547849831648799,2.304270582617552,-0.9668411517482806,-0.041650201897873974,-0.13563632698506284,-0.7833287146069412,1.262899881052273,-0.4201648148404607,-0.7594124928093454,0.524240658360983,1.7768990378692717,1.3362334412407868,0.14895006038301017,-0.348435222569311,0.30363560445106774,-1.1983002807579612,1.3808185412048664,-0.7957177430763813,-0.6981451578524646,0.3537970457417779,-1.4666781606751167,-1.273731280057579,0.4563406754771154,0.8001688254449729,-0.30223274066718336,0.39852674098596685,-0.23313326804612985,-0.7481406548831842,-1.9494730873857427,1.5870617333414647,0.5034361768433261,0.9801606940382748,-1.3767935921603982,-0.38985172630715326,1.1505381476050094,1.2186442813954232,-2.0529369174082297,1.0222993976911674,-1.7768064611928276,1.0048282090295257,1.832847335292037,-1.5637761864682094,-0.18853338606483447,-0.16158293812982455,-0.4333249416266142,-0.8634742147326822,-1.040406274255595,-0.5362881939270843,1.2330697150695276,-0.3723875023987051,-0.8541100511176073,1.0255445633815188,-0.2675847872180353,0.1314658839682446,1.390044933647056,0.34539494719836317,3.0212447798467537,-0.0190830260008131,0.25074131380914927,2.5401682280234015,-0.369944420661658,-1.2799266864344852,-0.40322754868608035,-0.5657124920996716
