0.0799698531627655,-2.673056364059448,-0.3611940443515778
0.07253140211105347,-2.669995784759521,-0.3680507242679596
0.05791285261511803,-2.663704872131348,-0.3814823627471924
0.0366203710436821,-2.653860569000244,-0.4009386003017426
0.009374920278787613,-2.640013694763184,-0.4256379902362823
-0.02294216491281986,-2.62162971496582,-0.4546285569667816
-0.05934688821434975,-2.598138093948364,-0.4868534505367279
-0.09880106151103973,-2.568987607955933,-0.5212083458900452
-0.1402535736560822,-2.533703804016113,-0.556591808795929
-0.1826746910810471,-2.491936445236206,-0.5919474959373474
-0.2250764071941376,-2.443496227264404,-0.626289963722229
-0.266520082950592,-2.38837194442749,-0.6587152481079102
-0.3061242401599884,-2.326732158660889,-0.6884081363677979
-0.3430773317813873,-2.258908748626709,-0.7146515250205994
-0.3766478896141052,-2.185373783111572,-0.7368317842483521
-0.4061890840530396,-2.106713056564331,-0.7544378638267517
-0.4311455488204956,-2.023596525192261,-0.7670618295669556
-0.4510631561279297,-1.936747193336487,-0.7744026184082031
-0.4655939042568207,-1.84690797328949,-0.7762629985809326
-0.474494993686676,-1.754808187484741,-0.7725422382354736
-0.4776331186294556,-1.661141157150269,-0.7632343769073486
-0.4749968349933624,-1.566552400588989,-0.7484365105628967
-0.4667086005210876,-1.471641421318054,-0.7283593416213989
-0.4530336260795593,-1.376967310905457,-0.7033336758613586
-0.4343896806240082,-1.283049941062927,-0.6738181710243225
-0.4113517999649048,-1.190362334251404,-0.6403985619544983
-0.3846316337585449,-1.099312782287598,-0.6037611961364746
-0.3550217747688293,-1.010225176811218,-0.5646313428878784
-0.3233228921890259,-0.9233230948448181,-0.5236977338790894
-0.2902826368808746,-0.8387237191200256,-0.4815543591976166
-0.2565640807151794,-0.7564411163330078,-0.4386788010597229
-0.2227435111999512,-0.6763980984687805,-0.3954461514949799
-0.189326286315918,-0.5984399914741516,-0.3521608412265778
-0.1567663848400116,-0.5223486423492432,-0.3090871572494507
-0.1254794895648956,-0.4478573501110077,-0.2664687633514404
-0.0958477109670639,-0.3746677339076996,-0.2245445251464844
-0.06821815669536591,-0.3024700582027435,-0.1835690587759018
-0.04289711266756058,-0.2309625297784805,-0.1438326835632324
-0.02014268562197685,-0.1598666608333588,-0.1056656390428543
-0.0001641609997022897,-0.08893714100122452,-0.06942368298768997
0.01686504110693932,-0.01796681806445122,-0.03546842560172081
0.03078749775886536,0.0532107837498188,-0.004152609035372734
0.04145139828324318,0.124717079102993,0.02419273369014263
0.0487159825861454,0.1966196745634079,0.04927265644073486
0.05246126279234886,0.2689223289489746,0.07083703577518463
0.05259017646312714,0.3415595591068268,0.08867789059877396
0.04902669042348862,0.4143988490104675,0.1026226729154587
0.04171864315867424,0.4872466027736664,0.112533301115036
0.03064220771193504,0.5598528981208801,0.1183075308799744
0.01579970493912697,0.6319125890731812,0.1198739930987358
-0.002784635871648788,0.7030653357505798,0.1171855106949806
-0.02505761384963989,0.7728956937789917,0.1102240309119225
-0.05091814696788788,0.8409391045570374,0.09901845455169678
-0.08019991964101791,0.906696081161499,0.08366256952285767
-0.1126610413193703,0.9696579575538635,0.06432821601629257
-0.1479721814393997,1.029337525367737,0.04128088802099228
-0.1857006251811981,1.085293412208557,0.01489866990596056
-0.2253024280071259,1.137141704559326,-0.01431908272206783
-0.2661319077014923,1.184556245803833,-0.04576176032423973
-0.3074617385864258,1.227268815040588,-0.07872814685106277
-0.3485060930252075,1.265074968338013,-0.112448625266552
-0.3884500861167908,1.297841548919678,-0.1461134999990463
-0.4264906048774719,1.325512766838074,-0.1789126098155975
-0.4618745744228363,1.34810745716095,-0.2100736200809479
-0.493913471698761,1.36571192741394,-0.2388780415058136
-0.5219723582267761,1.378469109535217,-0.2646521031856537
-0.5454514026641846,1.38657009601593,-0.2867498397827148
-0.5637738704681396,1.390252947807312,-0.3045417666435242
-0.5763813257217407,1.38980507850647,-0.3174092471599579
-0.5827367901802063,1.385568380355835,-0.3247469067573547
-0.5823479294776917,1.377938747406006,-0.3259853720664978
-0.5748130679130554,1.367361664772034,-0.3206376731395721
-0.5598700046539307,1.354328036308289,-0.3083478808403015
-0.5374194979667664,1.339369416236877,-0.2889153063297272
-0.5075196623802185,1.323055148124695,-0.2622893750667572
-0.4703676402568817,1.30598509311676,-0.2285525798797607
-0.4262794554233551,1.288780093193054,-0.1879024356603622
-0.3756654560565948,1.272066473960876,-0.1406299322843552
-0.3190023899078369,1.256458163261414,-0.0870949998497963
-0.2568134963512421,1.242537379264832,-0.02771035023033619
-0.1896635591983795,1.230837106704712,0.03706013783812523
-0.1181607022881508,1.221827864646912,0.1066970452666283
-0.042955681681633,1.215902805328369,0.180623322725296
0.03525756299495697,1.213363289833069,0.2582006752490997
0.1157361268997192,1.214403748512268,0.3387207388877869
0.1976866275072098,1.219101667404175,0.4214013516902924
0.2802793979644775,1.227414727210999,0.5053997039794922
0.362673282623291,1.239187836647034,0.5898379683494568
0.4440349340438843,1.254165172576904,0.6738251447677612
0.523549497127533,1.272009015083313,0.756471574306488
0.6004320383071899,1.292320251464844,0.8369054794311523
0.6739422082901001,1.314658045768738,0.9142909049987793
0.7433905601501465,1.33855664730072,0.9878367185592651
0.8081340193748474,1.363537907600403,1.056792974472046
0.867575466632843,1.389117121696472,1.120450735092163
0.9211803674697876,1.414800882339478,1.178159236907959
0.9685123562812805,1.440076351165771,1.229363560676575
1.009280800819397,1.464397430419922,1.273656964302063
1.043396234512329,1.487176418304443,1.310841083526611
1.071014881134033,1.507786273956299,1.340975761413574
1.09255039691925,1.525575637817383,1.364391207695007
1.108642578125,1.539888262748718,1.381654143333435
1.120104670524597,1.550082325935364,1.393508434295654
1.127865672111511,1.555550098419189,1.400816559791565
1.132917523384094,1.555739998817444,1.404505491256714
1.13625967502594,1.550181865692139,1.405515432357788
1.138846278190613,1.538511514663696,1.404753088951111
1.141546726226807,1.520491719245911,1.403056859970093
1.14511513710022,1.496022462844849,1.401169180870056
1.150162100791931,1.465142369270325,1.399710655212402
1.157129526138306,1.428019642829895,1.3991539478302
1.166279315948486,1.384931087493896,1.39980947971344
1.177695989608765,1.33623206615448,1.401823163032532
1.191297054290771,1.282320737838745,1.405181527137756
1.206847548484802,1.223608613014221,1.40972101688385
1.22398054599762,1.160501837730408,1.415145039558411
1.242224454879761,1.093392491340637,1.421050429344177
1.261033654212952,1.02265477180481,1.426957130432129
1.279821515083313,0.9486439228057861,1.432340621948242
1.297993302345276,0.8716982007026672,1.436665415763855
1.314975261688232,0.7921413779258728,1.439414262771606
1.330235481262207,0.7102848291397095,1.440108895301819
1.343295812606812,0.6264297366142273,1.438323020935059
1.35373330116272,0.5408707857131958,1.4336838722229
1.361168265342712,0.4539019465446472,1.425861716270447
1.365242004394531,0.3658241033554077,1.414549231529236
1.36559796333313,0.2769489586353302,1.39944326877594
1.361876845359802,0.1875980347394943,1.380240559577942
1.353722929954529,0.09809833019971848,1.356642007827759
1.340795755386353,0.008779536932706833,1.328365325927734
1.322787880897522,-0.08002500236034393,1.295161247253418
1.299445748329163,-0.1679774522781372,1.256835222244263
1.270590901374817,-0.2547416985034943,1.21326732635498
1.236139416694641,-0.3400011956691742,1.164427399635315
1.196112155914307,-0.4234848320484161,1.110381841659546
1.150632619857788,-0.5049898624420166,1.051286816596985
1.099910974502563,-0.5843913555145264,0.9873711466789246
1.04422652721405,-0.6616365909576416,0.9189196825027466
0.9839112758636475,-0.7367304563522339,0.8462597727775574
0.9193295240402222,-0.8097154498100281,0.7697442770004272
0.8508492708206177,-0.8806476593017578,0.6897276043891907
0.7788133025169373,-0.9495716094970703,0.6065415143966675
0.7035195231437683,-1.016499400138855,0.5204789042472839
0.6252151131629944,-1.081399083137512,0.4317905008792877
0.5441051721572876,-1.144192457199097,0.3406935334205627
0.4603679180145264,-1.204758763313293,0.2473859786987305
0.3741669654846191,-1.26294219493866,0.1520577222108841
0.285661518573761,-1.318558931350708,0.05489912256598473
0.1950236856937408,-1.371403455734253,-0.043882817029953
0.1024666205048561,-1.421250939369202,-0.1440371125936508
0.008274304680526257,-1.467854380607605,-0.2452389150857925
-0.08717715740203857,-1.510939836502075,-0.3470675349235535
-0.1834115087985992,-1.5502028465271,-0.4489980340003967
-0.2798592448234558,-1.585312485694885,-0.550408661365509
-0.3758790493011475,-1.615922093391418,-0.6506040692329407
-0.4707902669906616,-1.641684412956238,-0.7488499879837036
-0.5639132857322693,-1.662264347076416,-0.8444154858589172
-0.6546147465705872,-1.677348136901855,-0.9366191625595093
-0.7423476576805115,-1.686649799346924,-1.024870276451111
-0.8266687989234924,-1.689918518066406,-1.108686804771423
-0.9072257876396179,-1.686949133872986,-1.187685132026672
-0.9837236404418945,-1.677595138549805,-1.261549115180969
-1.05588698387146,-1.661776423454285,-1.329993844032288
-1.123433351516724,-1.639476776123047,-1.392739415168762
-1.186064124107361,-1.610735416412354,-1.449500322341919
-1.243466973304749,-1.575634717941284,-1.499986052513123
-1.295318841934204,-1.534292578697205,-1.54390287399292
-1.341286301612854,-1.486860513687134,-1.580954432487488
-1.381029367446899,-1.433529019355774,-1.610845804214478
-1.414215683937073,-1.374538898468018,-1.633299827575684
-1.44054388999939,-1.3101966381073,-1.648082137107849
-1.459770560264587,-1.240888118743896,-1.655028343200684
-1.471734285354614,-1.167084097862244,-1.654067993164062
-1.476370573043823,-1.089334011077881,-1.645236730575562
-1.473717212677002,-1.008250713348389,-1.628678321838379
-1.463911771774292,-0.9244912266731262,-1.604639291763306
-1.447189569473267,-0.8387386202812195,-1.573463797569275
-1.42387592792511,-0.7516846656799316,-1.535584330558777
-1.394375801086426,-0.6640140414237976,-1.491509795188904
-1.359155178070068,-0.576388955116272,-1.441805243492126
-1.318712949752808,-0.4894366860389709,-1.387063503265381
-1.273547053337097,-0.4037430286407471,-1.327870726585388
-1.22412371635437,-0.3198516964912415,-1.264775514602661
-1.170859932899475,-0.2382655590772629,-1.198272585868835
-1.114122867584229,-0.1594453901052475,-1.128800749778748
-1.054243087768555,-0.08380590379238129,-1.056756138801575
-0.991534948348999,-0.0117107480764389,-0.9825106859207153
-0.926313042640686,0.05653158575296402,-0.9064277410507202
-0.8589006662368774,0.1206709817051888,-0.828869640827179
-0.7896315455436707,0.1805177330970764,-0.7501990795135498
-0.7188509702682495,0.2359424829483032,-0.6707802414894104
-0.6469177603721619,0.2868744134902954,-0.5909808278083801
-0.5742058157920837,0.3332993388175964,-0.5111737251281738
-0.5011022686958313,0.3752595484256744,-0.4317355453968048
-0.4279944896697998,0.4128541052341461,-0.3530333340167999
-0.3552470207214355,0.4462359845638275,-0.2754022777080536
-0.2831766903400421,0.4756040871143341,-0.1991225183010101
-0.2120384126901627,0.5011915564537048,-0.1244070306420326
-0.1420292258262634,0.5232521295547485,-0.05140804871916771
-0.07331162691116333,0.5420456528663635,0.01975754834711552
-0.006046351976692677,0.5578224062919617,0.08897298574447632
0.05958151072263718,0.570807158946991,0.1560930460691452
0.1233538240194321,0.581184446811676,0.2209330350160599
0.1850254535675049,0.5890900492668152,0.2832731604576111
0.244335263967514,0.5946105122566223,0.3428694605827332
0.3010123670101166,0.5977926850318909,0.3994614779949188
0.3547733724117279,0.5986602306365967,0.4527724981307983
0.4053173661231995,0.5972347259521484,0.5025082230567932
0.452332466840744,0.593555212020874,0.5483665466308594
0.4955195188522339,0.5876936912536621,0.5900638699531555
0.5346251130104065,0.5797639489173889,0.6273688673973083
0.5694719552993774,0.5699233412742615,0.6601332426071167
0.599977970123291,0.5583661794662476,0.6883091330528259
0.6261590719223022,0.5453083515167236,0.7119495272636414
0.6481155157089233,0.5309686660766602,0.7311912775039673
0.6660054922103882,0.5155519843101501,0.746225893497467
0.6800077557563782,0.4992393851280212,0.7572615742683411
0.6902733445167542,0.4821853339672089,0.7644742727279663
0.6968749761581421,0.4645184278488159,0.7679580450057983
0.6997711658477783,0.4463430941104889,0.7676898837089539
0.6987944841384888,0.4277381002902985,0.7635179758071899
0.6936579346656799,0.4087518751621246,0.7551668882369995
0.6839748620986938,0.389396995306015,0.7422565221786499
0.6692906618118286,0.3696488440036774,0.7243332266807556
0.6491241455078125,0.3494524657726288,0.700911819934845
0.6230103969573975,0.3287371098995209,0.6715202331542969
0.5905413031578064,0.3074330389499664,0.6357431411743164
0.5514032244682312,0.2854844927787781,0.5932607650756836
0.5054066777229309,0.2628559768199921,0.5438796877861023
0.4525077641010284,0.2395329475402832,0.4875538945198059
0.3928226828575134,0.2155190259218216,0.4243991076946259
0.326636016368866,0.190832108259201,0.3546997606754303
0.2543946206569672,0.1655026376247406,0.2789029181003571
0.1766864359378815,0.1395761370658875,0.1975977867841721
0.09421335160732269,0.1131186783313751,0.1114898100495338
0.007763787172734737,0.08622241765260696,0.02137445472180843
-0.08181896060705185,0.05900989845395088,-0.07189330458641052
-0.1736730933189392,0.03163657709956169,-0.167434498667717
-0.2669510841369629,0.004290401004254818,-0.264378696680069
-0.3608444929122925,-0.02281413599848747,-0.3618894815444946
-0.4546043574810028,-0.04944779351353645,-0.4591867327690125
-0.5475582480430603,-0.07538052648305893,-0.5555658340454102
-0.6391159892082214,-0.1003914624452591,-0.6504050493240356
-0.7287629842758179,-0.1242697313427925,-0.7431592345237732
-0.8160489797592163,-0.1468049734830856,-0.8333467841148376
-0.9005772471427917,-0.1677729338407516,-0.9205368161201477
-0.9819918870925903,-0.1869257688522339,-1.004334568977356
-1.059958815574646,-0.2039943486452103,-1.084363102912903
-1.134143710136414,-0.2187014818191528,-1.160244107246399
-1.204192161560059,-0.2307788878679276,-1.231580853462219
-1.26971709728241,-0.2399802803993225,-1.297947883605957
-1.330300450325012,-0.246086448431015,-1.358894109725952
-1.385508298873901,-0.2489011138677597,-1.413956642150879
-1.434908390045166,-0.2482404559850693,-1.462676167488098
-1.478087663650513,-0.2439218759536743,-1.504612922668457
-1.514672160148621,-0.2357592880725861,-1.539364814758301
-1.544346570968628,-0.2235685586929321,-1.566588401794434
-1.566867113113403,-0.2071823477745056,-1.586013674736023
-1.582060813903809,-0.1864678561687469,-1.59744656085968
-1.589822053909302,-0.1613406240940094,-1.600768327713013
-1.590109705924988,-0.1317707598209381,-1.595932841300964
-1.582942962646484,-0.09778386354446411,-1.582963585853577
-1.568394422531128,-0.0594608262181282,-1.561946392059326
-1.546578288078308,-0.0169377438724041,-1.533017516136169
-1.517637014389038,0.02959464490413666,-1.496350884437561
-1.481732368469238,0.07989121228456497,-1.452148675918579
-1.43904709815979,0.1336506456136703,-1.400643706321716
-1.389796495437622,0.190513014793396,-1.342111110687256
-1.334242939949036,0.2500619292259216,-1.27688205242157
-1.272709488868713,0.3118351995944977,-1.205356001853943
-1.205598950386047,0.3753432035446167,-1.128015637397766
-1.133414745330811,0.4400888085365295,-1.04544472694397
-1.056776285171509,0.5055792331695557,-0.9583408832550049
-0.9764164090156555,0.5713246464729309,-0.8675132393836975
-0.8931615352630615,0.6368248462677002,-0.7738654613494873
-0.807902455329895,0.7015546560287476,-0.6783690452575684
-0.721564769744873,0.7649579644203186,-0.5820352435112
-0.6350894570350647,0.8264597058296204,-0.4858939945697784
-0.5494217276573181,0.8854942917823792,-0.3909776508808136
-0.4654957354068756,0.9415411949157715,-0.2982998490333557
-0.3842075765132904,0.9941571354866028,-0.2088233530521393
-0.3063810765743256,1.042996287345886,-0.1234226450324059
-0.2327376306056976,1.087815880775452,-0.04285311326384544
-0.1638818383216858,1.128470063209534,0.03226198628544807
-0.1003085002303123,1.16489315032959,0.1014218404889107
-0.04242334514856339,1.19707977771759,0.1642240136861801
0.009439405053853989,1.225066661834717,0.2203440517187119
0.05501392483711243,1.248921036720276,0.2695303559303284
0.09411081671714783,1.26873505115509,0.3116111159324646
0.1266259998083115,1.284621477127075,0.346502423286438
0.1525414437055588,1.296707391738892,0.3742078840732574
0.1719145327806473,1.305124402046204,0.3948063850402832
0.1848631650209427,1.309997320175171,0.4084354639053345
0.1915592700242996,1.311432480812073,0.4152828752994537
0.1922352164983749,1.309508204460144,0.4155912101268768
0.1871960908174515,1.304269433021545,0.4096692204475403
0.1768301874399185,1.295728445053101,0.3979023098945618
0.1616162061691284,1.28387188911438,0.3807609081268311
0.1421269327402115,1.268670320510864,0.3588056266307831
0.1190289109945297,1.250088334083557,0.3326889872550964
0.09307905286550522,1.228096604347229,0.3031538724899292
0.0651165097951889,1.202680230140686,0.2710272669792175
0.03604532778263092,1.1738440990448,0.2372038513422012
0.00680873915553093,1.141615867614746,0.202621266245842
-0.02163737453520298,1.106045961380005,0.1682338565587997
-0.04834992438554764,1.067206144332886,0.1349873691797256
-0.07242909818887711,1.025185108184814,0.1037881076335907
-0.09305428713560104,0.98008131980896,0.07546622306108475
-0.1095158234238625,0.9319968223571777,0.05074340105056763
-0.1212373971939087,0.8810316920280457,0.03020987473428249
-0.1277932673692703,0.8272822499275208,0.01430721767246723
-0.1289213299751282,0.7708456516265869,0.003316351911053061
-0.1245251595973969,0.7118353843688965,-0.002641886239871383
-0.114663228392601,0.6504039168357849,-0.003592573571950197
-0.09953273832798004,0.5867636799812317,0.0003120460023637861
-0.07945244759321213,0.5211993455886841,0.008810398168861866
-0.0548405610024929,0.4540679752826691,0.02155235037207603
-0.02618581056594849,0.3857920467853546,0.03812602907419205
0.005984593648463488,0.3168464303016663,0.05808781459927559
0.04113610461354256,0.2477420419454575,0.08099143952131271
0.07875306159257889,0.1790065914392471,0.1064118444919586
0.1183543503284454,0.1111665517091751,0.1339584290981293
0.1594968140125275,0.04473463445901871,0.1632766574621201
0.2017714083194733,-0.0197942852973938,0.1940436065196991
0.2447952181100845,-0.08193934708833694,0.2259606570005417
0.2881979644298553,-0.1412250399589539,0.2587414681911469
0.3316063582897186,-0.1971714049577713,0.2920981645584106
0.3746369481086731,-0.2492874413728714,0.3257350921630859
0.4169037044048309,-0.2970720231533051,0.3593563437461853
0.4580376744270325,-0.3400247395038605,0.3926830589771271
0.4977102875709534,-0.3776669204235077,0.4254728257656097
0.5356525778770447,-0.409570038318634,0.4575337469577789
0.5716643333435059,-0.4353863596916199,0.4887281656265259
0.6056146621704102,-0.4548760950565338,0.5189684629440308
0.637441873550415,-0.4679275155067444,0.5482133030891418
0.6671528816223145,-0.474568784236908,0.576465368270874
0.694815456867218,-0.4749713242053986,0.6037626266479492
0.7205396294593811,-0.4694448411464691,0.630160927772522
0.7444549798965454,-0.4584243893623352,0.6557139158248901
0.7666900157928467,-0.4424515664577484,0.6804556846618652
0.7873538732528687,-0.4221514165401459,0.7043867707252502
0.8065203428268433,-0.3982072770595551,0.7274625897407532
0.8242170214653015,-0.3713363409042358,0.7495871782302856
0.8404204845428467,-0.3422690033912659,0.7706116437911987
0.8550586104393005,-0.3117331862449646,0.7903392910957336
0.8680227994918823,-0.2804413735866547,0.8085402250289917
0.8791862726211548,-0.2490757554769516,0.8249714970588684
0.8884193301200867,-0.2182701528072357,0.8393956422805786
0.8955994248390198,-0.1885913461446762,0.8515940308570862
0.9006234407424927,-0.1605260670185089,0.8613806962966919
0.9034211039543152,-0.1344792693853378,0.8686164617538452
0.9039638042449951,-0.1107840910553932,0.8732156753540039
0.9022647142410278,-0.08971879631280899,0.8751434683799744
0.8983779549598694,-0.07152184844017029,0.8744122385978699
0.8923986554145813,-0.05639905482530594,0.8710805773735046
0.8844576478004456,-0.04452119022607803,0.865248441696167
0.8747062087059021,-0.03601536527276039,0.8570435047149658
0.8632946610450745,-0.03095384687185287,0.8466019034385681
0.8503512144088745,-0.02934251353144646,0.8340495228767395
0.8359656929969788,-0.03111120313405991,0.8194871544837952
0.8201815485954285,-0.0361112579703331,0.8029836416244507
0.8029971122741699,-0.04412663727998734,0.7845746278762817
0.7843692898750305,-0.05489975214004517,0.7642619609832764
0.7642199397087097,-0.06816500425338745,0.7420142292976379
0.7424489259719849,-0.08367904275655746,0.7177746891975403
0.7189545035362244,-0.1012397184967995,0.6914774775505066
0.693651556968689,-0.1206919327378273,0.6630653738975525
0.6664842963218689,-0.141922801733017,0.632502555847168
0.6374377608299255,-0.1648491322994232,0.5997887253761292
0.6065529584884644,-0.1893987953662872,0.5649768710136414
0.5739409327507019,-0.2154884487390518,0.5281912088394165
0.5397908091545105,-0.2430037409067154,0.4896385371685028
0.5043640732765198,-0.2717894613742828,0.4496040642261505
0.4679707884788513,-0.3016528189182281,0.408427894115448
0.4309345185756683,-0.3323754668235779,0.3664675056934357
0.3935588002204895,-0.3637257218360901,0.3240631222724915
0.3561069667339325,-0.3954637348651886,0.2815166115760803
0.318793773651123,-0.4273391962051392,0.2390834540128708
0.2817866206169128,-0.459086000919342,0.1969752162694931
0.2452160716056824,-0.4904208183288574,0.1553699374198914
0.20919269323349,-0.5210481286048889,0.1144279316067696
0.1738262474536896,-0.5506699681282043,0.07430921494960785
0.1392441093921661,-0.578998327255249,0.0351894237101078
0.105602890253067,-0.6057689189910889,-0.002730993321165442
0.07308708131313324,-0.6307554841041565,-0.03923060372471809
0.04189787805080414,-0.6537846326828003,-0.07408062368631363
0.01224429626017809,-0.6747495532035828,-0.1070560812950134
-0.01565646566450596,-0.6936204433441162,-0.1379372179508209
-0.04157491028308868,-0.7104468941688538,-0.1665059030056
-0.06527016311883926,-0.7253511548042297,-0.1925452798604965
-0.0864999070763588,-0.7385139465332031,-0.2158472836017609
-0.1050382554531097,-0.7501594424247742,-0.2362275719642639
-0.1206951513886452,-0.7605413794517517,-0.2535423934459686
-0.1333289593458176,-0.769930362701416,-0.2676987946033478
-0.1428509056568146,-0.7786003947257996,-0.2786567509174347
-0.1492272019386292,-0.7868170142173767,-0.2864291071891785
-0.1524807214736938,-0.7948270440101624,-0.2910816073417664
-0.1526861041784286,-0.8028536438941956,-0.2927270233631134
-0.1499540656805038,-0.8110960721969604,-0.2915096879005432
-0.1444081217050552,-0.8197304010391235,-0.2875826060771942
-0.1361606568098068,-0.8289105892181396,-0.2810839414596558
-0.1252972781658173,-0.8387721180915833,-0.2721220850944519
-0.1118767112493515,-0.8494420051574707,-0.260777473449707
-0.09594421833753586,-0.8610535264015198,-0.2471181154251099
-0.07754670828580856,-0.8737602233886719,-0.2312171012163162
-0.05674203112721443,-0.8877421021461487,-0.2131628096103668
-0.03360497951507568,-0.9032020568847656,-0.1930641233921051
-0.008235226385295391,-0.9203509092330933,-0.1710557490587234
0.01923215948045254,-0.9393856525421143,-0.1473046988248825
0.04861690476536751,-0.9604641199111938,-0.1220157369971275
0.079691082239151,-0.9836823344230652,-0.09542964398860931
0.1121906116604805,-1.009055614471436,-0.06780868023633957
0.1458392441272736,-1.036508917808533,-0.03941109403967857
0.1803747266530991,-1.065877795219421,-0.01046536676585674
0.2155696898698807,-1.096919775009155,0.01884854212403297
0.2512475252151489,-1.129332661628723,0.04841171950101852
0.287295401096344,-1.162773847579956,0.07817592471837997
0.3236748874187469,-1.196874737739563,0.1081716418266296
0.3604289591312408,-1.231244921684265,0.1385143399238586
0.3976817429065704,-1.265468955039978,0.1694048196077347
0.4356261193752289,-1.299102902412415,0.2011174112558365
0.4745008647441864,-1.331676483154297,0.2339772582054138
0.5145682692527771,-1.362699389457703,0.2683367729187012
0.5561005473136902,-1.391668200492859,0.3045611977577209
0.5993765592575073,-1.418065071105957,0.3430255055427551
0.6446846127510071,-1.441348791122437,0.3841183483600616
0.6923218965530396,-1.460940003395081,0.4282442331314087
0.7425851821899414,-1.476205587387085,0.4758165180683136
0.7957549691200256,-1.486451625823975,0.5272430777549744
0.8520863652229309,-1.490927219390869,0.5829157829284668
0.9118120670318604,-1.48884379863739,0.6432103514671326
0.9751520752906799,-1.479399561882019,0.7084907293319702
1.042317748069763,-1.461805582046509,0.7791085839271545
1.113500118255615,-1.435311317443848,0.8553864359855652
1.188836693763733,-1.399233222007751,0.9375792145729065
1.268361330032349,-1.352986812591553,1.025818824768066
1.351950764656067,-1.296120643615723,1.120053768157959
1.439270853996277,-1.228351235389709,1.219989418983459
1.529718637466431,-1.149601697921753,1.325022459030151
1.62235689163208,-1.060053467750549,1.434165835380554
1.715852856636047,-0.9602131247520447,1.545976042747498
1.808440566062927,-0.8509887456893921,1.658501505851746
1.897930383682251,-0.7337542772293091,1.769284129142761
1.981787085533142,-0.6103712916374207,1.875435948371887
2.05728006362915,-0.4831436276435852,1.973800182342529
2.121678829193115,-0.3546967804431915,2.061171770095825
2.172457933425903,-0.2277961522340775,2.134533882141113
2.207477569580078,-0.1051351353526115,2.191272974014282
2.225128650665283,0.01087280549108982,2.229356288909912
2.224438190460205,0.1182690784335136,2.247462511062622
2.205130577087402,0.2156717330217361,2.245061874389648
2.167620420455933,0.3023290932178497,2.222419023513794
2.112917900085449,0.378094494342804,2.180503845214844
2.042451858520508,0.4433213770389557,2.120808362960815
1.957850337028503,0.4986962080001831,2.045105218887329
1.860738396644592,0.545049786567688,1.955211877822876
1.752601385116577,0.5831993818283081,1.85281765460968
1.634732842445374,0.613858699798584,1.739403009414673
1.508243799209595,0.6376197934150696,1.616239309310913
1.374099493026733,0.6549806594848633,1.484424114227295
1.233153223991394,0.6663870215415955,1.34492301940918
1.086176514625549,0.6722670793533325,1.19860565662384
0.9338891506195068,0.6730540990829468,1.046282768249512
0.7769923806190491,0.6691979169845581,0.8887412548065186
0.6161976456642151,0.6611676812171936,0.7267756462097168
0.4522446095943451,0.6494475603103638,0.5612055659294128
0.2859027981758118,0.6345304250717163,0.3928776979446411
0.1179632246494293,0.6169114112854004,0.2226569503545761
-0.05076776072382927,0.5970824360847473,0.05142008513212204
-0.2194680273532867,0.5755239129066467,-0.1199445277452469
-0.3872998356819153,0.5526934862136841,-0.2905385494232178
-0.5534162521362305,0.5290144681930542,-0.4594615399837494
-0.7169703841209412,0.5048672556877136,-0.625821053981781
-0.8771224617958069,0.4805846810340881,-0.7887402772903442
-1.033046245574951,0.4564490020275116,-0.9473644495010376
-1.183934569358826,0.4326897859573364,-1.100866436958313
-1.329007267951965,0.4094844162464142,-1.248454570770264
-1.467523813247681,0.3869636356830597,-1.389383792877197
-1.598801255226135,0.3652269244194031,-1.52297031879425
-1.722229719161987,0.3443656265735626,-1.648604154586792
-1.83728814125061,0.3244885504245758,-1.765758752822876
-1.943560123443604,0.3057393431663513,-1.874004006385803
-2.04075026512146,0.2883013188838959,-1.97302258014679
-2.128692626953125,0.2723909914493561,-2.062618017196655
-2.207347631454468,0.2582462430000305,-2.142714977264404
-2.276794195175171,0.2461131066083908,-2.21335244178772
-2.337219715118408,0.2362296730279922,-2.274678230285645
-2.388903141021729,0.2288056761026382,-2.326934099197388
-2.432186841964722,0.2240007072687149,-2.370433807373047
-2.467450857162476,0.2219085693359375,-2.405538082122803
-2.495088338851929,0.2225520312786102,-2.432633399963379
-2.515488862991333,0.2258865386247635,-2.452113389968872
-2.529024839401245,0.2318084537982941,-2.464365005493164
-2.53604531288147,0.2401644289493561,-2.469760417938232
-2.536873579025269,0.2507598996162415,-2.468652486801147
-2.531803846359253,0.2633638083934784,-2.461372852325439
-2.521103620529175,0.2777076065540314,-2.44823145866394
-2.505018949508667,0.2934807240962982,-2.42952561378479
-2.483781099319458,0.3103271722793579,-2.405544996261597
-2.457612991333008,0.3278498649597168,-2.376578330993652
-2.426740646362305,0.3456285893917084,-2.342920780181885
-2.391404628753662,0.3632502555847168,-2.304882049560547
-2.351870059967041,0.3803429305553436,-2.262787103652954
-2.30842399597168,0.3965999484062195,-2.216972827911377
-2.261372089385986,0.4117862284183502,-2.167781591415405
-2.211034536361694,0.4257296919822693,-2.115559101104736
-2.157739877700806,0.438306987285614,-2.060651540756226
-2.101816892623901,0.4494321346282959,-2.003397941589355
-2.043589115142822,0.459050178527832,-1.944127559661865
-1.983380436897278,0.4671342968940735,-1.883164882659912
-1.921518445014954,0.4736829102039337,-1.820834159851074
-1.858336091041565,0.4787152111530304,-1.757460474967957
-1.794172644615173,0.4822646677494049,-1.693373680114746
-1.729377508163452,0.4843686521053314,-1.628912568092346
-1.664311528205872,0.4850559830665588,-1.564428687095642
-1.599341869354248,0.4843363761901855,-1.500283122062683
-1.534832715988159,0.4821975529193878,-1.436838388442993
-1.47113299369812,0.4786101877689362,-1.374444007873535
-1.408559083938599,0.4735332727432251,-1.313420295715332
-1.347380876541138,0.4669150412082672,-1.254042506217957
-1.287809252738953,0.4586911797523499,-1.19653058052063
-1.229986429214478,0.4487855732440948,-1.141038179397583
-1.173977255821228,0.4371165335178375,-1.087643384933472
-1.119767427444458,0.4236071705818176,-1.036345601081848
-1.067271113395691,0.4081982672214508,-0.9870700240135193
-1.016339898109436,0.3908599615097046,-0.9396752715110779
-0.9667733311653137,0.371599018573761,-0.8939616680145264
-0.9183324575424194,0.3504588901996613,-0.8496858477592468
-0.870762050151825,0.327514111995697,-0.8065823316574097
-0.823811948299408,0.3028639853000641,-0.7643867135047913
-0.7772568464279175,0.2766288816928864,-0.7228555679321289
-0.7309167385101318,0.2489501386880875,-0.6817863583564758
-0.6846756935119629,0.2199921160936356,-0.6410362124443054
-0.6384892463684082,0.189943790435791,-0.6005284786224365
-0.5923754572868347,0.159019410610199,-0.5602439641952515
-0.5463991761207581,0.1274598836898804,-0.5202052593231201
-0.5006569623947144,0.09553549438714981,-0.4804611206054688
-0.4552621245384216,0.06354834139347076,-0.4410714209079742
-0.4103294610977173,0.03183186799287796,-0.4020920097827911
-0.365960419178009,0.0007461707573384047,-0.3635610640048981
-0.3222306668758392,-0.02933278679847717,-0.3254883289337158
-0.279182106256485,-0.05803157016634941,-0.2878508269786835
-0.2368248850107193,-0.08500421792268753,-0.2505987584590912
-0.1951485127210617,-0.1099581196904182,-0.2136712074279785
-0.1541363596916199,-0.1326735317707062,-0.1770137697458267
-0.1137801632285118,-0.1530118137598038,-0.1405943334102631
-0.07409827411174774,-0.1709121763706207,-0.1044205203652382
-0.03515472635626793,-0.18638014793396,-0.06855662912130356
0.002932377392426133,-0.1994719505310059,-0.03312914445996284
0.04000029712915421,-0.2102776765823364,0.00168545066844672
0.07586372643709183,-0.218904435634613,0.03568543121218681
0.1103391423821449,-0.2254601567983627,0.06867068260908127
0.1432627290487289,-0.2300405353307724,0.1004626974463463
0.1744975298643112,-0.2327213436365128,0.1309129595756531
0.2039338648319244,-0.2335570603609085,0.1599036306142807
0.2314925789833069,-0.2325842827558517,0.1873500943183899
0.2571336925029755,-0.2298270910978317,0.2132086604833603
0.2808631360530853,-0.2253013402223587,0.237482488155365
0.3027308583259583,-0.2190178036689758,0.2602190375328064
0.3228210806846619,-0.2109865695238113,0.2814998924732208
0.3412388563156128,-0.2012255042791367,0.3014258444309235
0.3580962419509888,-0.189771831035614,0.3201012015342712
0.3735013604164124,-0.1766916364431381,0.3376214802265167
0.3875497579574585,-0.162081390619278,0.3540644347667694
0.4003137946128845,-0.1460583060979843,0.3694814443588257
0.4118312299251556,-0.1287419646978378,0.3838890492916107
0.4221001863479614,-0.1102355346083641,0.3972676992416382
0.4310866296291351,-0.09061591327190399,0.4095703661441803
0.4387420415878296,-0.06993761658668518,0.4207396805286407
0.4450262784957886,-0.0482465997338295,0.4307279884815216
0.4499271214008331,-0.02559554949402809,0.43951416015625
0.4534676373004913,-0.002052402123808861,0.4471091628074646
0.4557010233402252,0.02230119332671165,0.4535515606403351
0.4567009508609772,0.04737893491983414,0.4588992595672607
0.4565548002719879,0.07309982180595398,0.4632246196269989
0.4553611874580383,0.09939287602901459,0.4666129052639008
0.4532300233840942,0.1261957436800003,0.4691620469093323
0.4502798616886139,0.1534509211778641,0.470979243516922
0.4466273188591003,0.1811036169528961,0.4721703827381134
0.4423708617687225,0.2091011852025986,0.4728236794471741
0.4375779330730438,0.2373917996883392,0.4729969203472137
0.4322834014892578,0.2659204602241516,0.4727150201797485
0.4265006184577942,0.2946239411830902,0.4719802439212799
0.4202429354190826,0.323429673910141,0.4707932472229004
0.4135482013225555,0.3522627353668213,0.4691786170005798
0.4064968228340149,0.3810590803623199,0.4672046303749084
0.3992173969745636,0.4097775518894196,0.464991420507431
0.3918821811676025,0.4384035170078278,0.4627068042755127
0.3846957981586456,0.4669405817985535,0.4605536758899689
0.3778830170631409,0.4953957796096802,0.4587555229663849
0.371681421995163,0.5237647891044617,0.4575465023517609
0.3663376867771149,0.5520250201225281,0.4571667015552521
0.3620983958244324,0.580138623714447,0.4578533470630646
0.3591887950897217,0.6080642938613892,0.4598220586776733
0.3577820062637329,0.6357712149620056,0.4632387161254883
0.357966423034668,0.663250207901001,0.4681892395019531
0.3597241044044495,0.6905189752578735,0.4746589362621307
0.3629314601421356,0.7176226377487183,0.4825335144996643
0.3673841953277588,0.7446316480636597,0.4916232228279114
0.3728356063365936,0.7716351747512817,0.5016996264457703
0.3790336549282074,0.7987291812896729,0.5125302076339722
0.3857454061508179,0.8259993195533752,0.5238994956016541
0.3927635252475739,0.8535022139549255,0.5356124639511108
0.3998995125293732,0.8812471628189087,0.5474843978881836
0.4069758057594299,0.9091804623603821,0.5593305826187134
0.4138256013393402,0.9371706247329712,0.5709635615348816
0.4203001856803894,0.9649960398674011,0.5821980237960815
0.4262794256210327,0.9923411011695862,0.5928608179092407
0.4316806197166443,1.018805265426636,0.6028010249137878
0.4364610314369202,1.04392409324646,0.6118963360786438
0.4406131505966187,1.067198157310486,0.6200529932975769
0.4441548585891724,1.088120698928833,0.6272012591362
0.4471181631088257,1.106196880340576,0.6332871913909912
0.4495417475700378,1.12095320224762,0.6382673382759094
0.4514734148979187,1.131944417953491,0.6421118974685669
0.4529826045036316,1.138762474060059,0.6448189616203308
0.4541745185852051,1.141056418418884,0.6464317440986633
0.4551960825920105,1.138559222221375,0.6470491886138916
0.4562265276908875,1.131114840507507,0.6468210816383362
0.4574512839317322,1.11869204044342,0.645924985408783
0.4590262174606323,1.101379752159119,0.6445298790931702
0.461044579744339,1.07936704158783,0.6427599191665649
0.4635178446769714,1.052917003631592,0.6406709551811218
0.4663740694522858,1.022347211837769,0.638245701789856
0.4694739282131195,0.988020658493042,0.6354080438613892
0.4726391434669495,0.9503418803215027,0.6320503950119019
0.475683718919754,0.9097514152526855,0.6280642747879028
0.4784379601478577,0.8667142987251282,0.6233620047569275
0.4807587265968323,0.8217044472694397,0.6178841590881348
0.4825237691402435,0.7751910090446472,0.6115917563438416
0.4836188554763794,0.7276282906532288,0.6044515371322632
0.483932226896286,0.6794471144676208,0.5964285135269165
0.4833643436431885,0.6310439705848694,0.587493896484375
0.4818470478057861,0.582768976688385,0.5776417255401611
0.4793594777584076,0.534917414188385,0.5669030547142029
0.4759295880794525,0.4877289533615112,0.5553475618362427
0.4716167449951172,0.4413924813270569,0.5430669784545898
0.4664833545684814,0.3960548639297485,0.5301488041877747
0.4605720639228821,0.3518296778202057,0.516654908657074
0.4539000391960144,0.3088052868843079,0.5026178359985352
0.4464722275733948,0.2670503258705139,0.4880544245243073
0.4383062720298767,0.2266159504652023,0.4729909300804138
0.4294584393501282,0.187534973025322,0.4574887156486511
0.420039176940918,0.1498185396194458,0.4416588544845581
0.4102139174938202,0.1134530231356621,0.4256625473499298
0.4001942276954651,0.07839832454919815,0.4097018539905548
0.390224814414978,0.04458734393119812,0.3940071761608124
0.3805715143680573,0.01192694436758757,0.3788250684738159
0.3715127110481262,-0.01969844102859497,0.3644106686115265
0.3633333444595337,-0.05041884258389473,0.3510231971740723
0.3563153147697449,-0.08036734908819199,0.3389182090759277
0.3507187068462372,-0.1096685826778412,0.3283312618732452
0.3467553555965424,-0.1384316086769104,0.3194527626037598
0.3445597290992737,-0.1667493730783463,0.3123995959758759
0.344167947769165,-0.1947018504142761,0.3071935176849365
0.3455163836479187,-0.2223566472530365,0.3037598431110382
0.3484639525413513,-0.2497618794441223,0.3019506633281708
0.3528305888175964,-0.2769325375556946,0.3015853464603424
0.3584401607513428,-0.3038354516029358,0.3024953901767731
0.3651564419269562,-0.3303804099559784,0.3045616447925568
0.372902899980545,-0.3564204573631287,0.3077337145805359
0.3816623687744141,-0.3817611932754517,0.3120282888412476
0.3914595544338226,-0.4061756134033203,0.3175089359283447
0.4023324847221375,-0.42942214012146,0.3242549896240234
0.4143042266368866,-0.4512633681297302,0.3323302268981934
0.4273665547370911,-0.4714846909046173,0.3417636156082153
0.4414817094802856,-0.4899096786975861,0.3525482714176178
0.4565977156162262,-0.5064100027084351,0.3646550178527832
0.4726675152778625,-0.5209086537361145,0.3780506253242493
0.4896617233753204,-0.5333775281906128,0.3927108645439148
0.5075693726539612,-0.5438361167907715,0.4086215496063232
0.526389479637146,-0.5523526668548584,0.4257698357105255
0.5461223721504211,-0.5590489506721497,0.4441350996494293
0.5667673349380493,-0.5641041994094849,0.4636856317520142
0.5883254408836365,-0.5677536129951477,0.4843818545341492
0.6108047366142273,-0.5702797174453735,0.506182849407196
0.6342210173606873,-0.5719984173774719,0.5290496945381165
0.6585884094238281,-0.5732444524765015,0.5529385209083557
0.6839006543159485,-0.5743601322174072,0.5777840614318848
0.7101120948791504,-0.5756897330284119,0.6034814715385437
0.7371261119842529,-0.5775787830352783,0.629875659942627
0.7647953033447266,-0.5803765654563904,0.656760573387146
0.792931079864502,-0.58443683385849,0.6838884353637695
0.8213156461715698,-0.590112566947937,0.7109830379486084
0.8497072458267212,-0.5977420806884766,0.7377468943595886
0.8778373599052429,-0.6076284646987915,0.7638620138168335
0.9054079055786133,-0.6200178861618042,0.7889912724494934
0.9320966601371765,-0.6350823044776917,0.8127862811088562
0.9575674533843994,-0.6529059410095215,0.8349000215530396
0.9814797639846802,-0.673475980758667,0.8549981117248535
1.003490328788757,-0.6966767311096191,0.8727611899375916
1.023241877555847,-0.722292959690094,0.8878731727600098
1.040347218513489,-0.7500249147415161,0.9000028967857361
1.054383277893066,-0.7795130610466003,0.9087944626808167
1.064905047416687,-0.8103630542755127,0.9138757586479187
1.071470856666565,-0.8421621918678284,0.9148814678192139
1.073670983314514,-0.8744844794273376,0.9114802479743958
1.071151494979858,-0.9068899154663086,0.9033980369567871
1.063630342483521,-0.9389267563819885,0.8904341459274292
1.050909519195557,-0.9701415300369263,0.8724711537361145
1.032887101173401,-1.000092744827271,0.8494846224784851
1.009566307067871,-1.028363823890686,0.8215498328208923
0.9810561537742615,-1.054573059082031,0.7888404130935669
0.9475610256195068,-1.07837975025177,0.7516174912452698
0.9093709588050842,-1.099491477012634,0.7102184295654297
0.8668583035469055,-1.117670774459839,0.6650524735450745
0.8204762935638428,-1.132739663124084,0.6165986657142639
0.7707536816596985,-1.144577026367188,0.5654007196426392
0.7182783484458923,-1.153109192848206,0.5120527148246765
0.6636692881584167,-1.158294916152954,0.4571740627288818
0.6075424551963806,-1.160109519958496,0.4013780355453491
0.5504803061485291,-1.158532381057739,0.3452442586421967
0.4930115342140198,-1.153540968894958,0.2892995476722717
0.4355970919132233,-1.145112156867981,0.2340037226676941
0.3786216676235199,-1.133226037025452,0.1797408312559128
0.3223982453346252,-1.117866992950439,0.1268230825662613
0.2671878039836884,-1.099020719528198,0.0755111500620842
0.2132280617952347,-1.076672434806824,0.0260427612811327
0.1607589721679688,-1.050805807113647,-0.02134190127253532
0.1100357621908188,-1.021406650543213,-0.06638795137405396
0.06132280826568604,-0.9884651899337769,-0.1088322699069977
0.01487257890403271,-0.9519796967506409,-0.1484249085187912
-0.02909967675805092,-0.9119583368301392,-0.1849545240402222
-0.07043936103582382,-0.8684238791465759,-0.2182722836732864
-0.1090761572122574,-0.8214205503463745,-0.2483164966106415
-0.1450455486774445,-0.7710233926773071,-0.2751355171203613
-0.1784979850053787,-0.7173490524291992,-0.2988986372947693
-0.2096884399652481,-0.6605640649795532,-0.3198873102664948
-0.2389489114284515,-0.6008884310722351,-0.3384683728218079
-0.2666516005992889,-0.5385938882827759,-0.3550576567649841
-0.2931728661060333,-0.4739998579025269,-0.3700834810733795
-0.3188669085502625,-0.4074688255786896,-0.3839598596096039
-0.3440501987934113,-0.3394002616405487,-0.3970701098442078
-0.3689904510974884,-0.2702223360538483,-0.4097545444965363
-0.393898606300354,-0.2003809809684753,-0.4223005771636963
-0.4189285635948181,-0.1303259283304214,-0.4349402189254761
-0.4441860914230347,-0.06049366295337677,-0.4478557109832764
-0.4697393774986267,0.008708351291716099,-0.4611875116825104
-0.4956294000148773,0.07690943032503128,-0.4750429093837738
-0.521884560585022,0.1437688767910004,-0.4895118474960327
-0.5485388040542603,0.2089556306600571,-0.5046882629394531
-0.5756431221961975,0.2721231579780579,-0.5206857323646545
-0.6032673120498657,0.332891434431076,-0.5376424193382263
-0.6314967274665833,0.3908453285694122,-0.5557178258895874
-0.6604261994361877,0.4455506205558777,-0.5750840306282043
-0.6901463270187378,0.4965818822383881,-0.5959073305130005
-0.7207224369049072,0.5435531139373779,-0.6183218359947205
-0.7521753311157227,0.5861421227455139,-0.6424062848091125
-0.7844691276550293,0.6241023540496826,-0.6681697368621826
-0.8175053000450134,0.657261073589325,-0.6955453753471375
-0.8511219024658203,0.6855077147483826,-0.724392294883728
-0.8851003050804138,0.708778977394104,-0.7545039653778076
-0.9191731810569763,0.727047860622406,-0.7856178879737854
-0.9530269503593445,0.7403194904327393,-0.8174185156822205
-0.986301064491272,0.7486326098442078,-0.8495357036590576
-1.018590092658997,0.7520644664764404,-0.8815454840660095
-1.049450278282166,0.7507379055023193,-0.912975013256073
-1.07840621471405,0.7448269724845886,-0.9433073401451111
-1.104957580566406,0.7345613837242126,-0.9719871878623962
-1.128587603569031,0.7202302217483521,-0.9984288215637207
-1.148773908615112,0.702187180519104,-1.022027730941772
-1.165000915527344,0.6808567643165588,-1.042174696922302
-1.176777482032776,0.6567388772964478,-1.05827534198761
-1.183659195899963,0.6304084658622742,-1.069776296615601
-1.185271143913269,0.6025100946426392,-1.076188921928406
-1.18132472038269,0.5737476348876953,-1.07710862159729
-1.171631455421448,0.5448684692382812,-1.072228789329529
-1.156113386154175,0.5166458487510681,-1.061354517936707
-1.134807348251343,0.4898603856563568,-1.044407606124878
-1.107862710952759,0.4652840495109558,-1.02142608165741
-1.075539350509644,0.4436649084091187,-0.992562472820282
-1.038205742835999,0.4257107675075531,-0.958082377910614
-0.9963279962539673,0.4120725989341736,-0.9183547496795654
-0.9504473209381104,0.4033283591270447,-0.8738317489624023
-0.9011534452438354,0.3999669551849365,-0.8250253796577454
-0.8490633964538574,0.4023704826831818,-0.7724897861480713
-0.7948071360588074,0.410793662071228,-0.7168108820915222
-0.7390211820602417,0.425343781709671,-0.6586045026779175
-0.6823494434356689,0.4459656476974487,-0.5985196828842163
-0.625445544719696,0.4724359810352325,-0.5372428894042969
-0.5689710974693298,0.5043686032295227,-0.4754949808120728
-0.5135866403579712,0.5412293076515198,-0.4140205085277557
-0.4599355459213257,0.5823527574539185,-0.3535689115524292
-0.4086205959320068,0.6269485354423523,-0.2948702573776245
-0.3601790368556976,0.6740918159484863,-0.2386128902435303
-0.3150641024112701,0.7227141857147217,-0.1854263693094254
-0.2736330628395081,0.7716277241706848,-0.1358659267425537
-0.23614302277565,0.8196051716804504,-0.09039444476366043
-0.2027594745159149,0.8654992580413818,-0.04937046021223068
-0.1735781729221344,0.9083458185195923,-0.01305198017507792
-0.1486472636461258,0.9473972916603088,0.01838739402592182
-0.1279758810997009,0.9820812344551086,0.04484266042709351
-0.1115273088216782,1.011919736862183,0.06627034395933151
-0.09920246154069901,1.036458373069763,0.08269242942333221
-0.09081902354955673,1.055229425430298,0.09421065449714661
-0.08609158545732498,1.067749977111816,0.1010258570313454
-0.08462026715278625,1.073546886444092,0.1034534797072411
-0.08589375764131546,1.07219398021698,0.1019270867109299
-0.08931062370538712,1.063350319862366,0.09698376059532166
-0.09421878308057785,1.04678738117218,0.08922997862100601
-0.0999634712934494,1.02240526676178,0.07929687201976776
-0.1059284433722496,0.990239679813385,0.06780071556568146
-0.1115645319223404,0.9504656791687012,0.05531541630625725
-0.1164108365774155,0.9033989906311035,0.04235179349780083
-0.1201111152768135,0.8494935631752014,0.02934089489281178
-0.1224191039800644,0.7893292307853699,0.01662674359977245
-0.1231886595487595,0.7235898971557617,0.004472176544368267
-0.1223524734377861,0.6530318856239319,-0.006925390567630529
-0.11989576369524,0.5784518122673035,-0.01741364970803261
-0.1158319786190987,0.5006571412086487,-0.0268663614988327
-0.1101867780089378,0.420443207025528,-0.03517149016261101
-0.1029894948005676,0.3385734856128693,-0.04222619161009789
-0.09426505863666534,0.2557607293128967,-0.04793203622102737
-0.08402466028928757,0.172648623585701,-0.05218897759914398
-0.07226211577653885,0.08979572355747223,-0.05489452183246613
-0.05895897746086121,0.007667023222893476,-0.05595020204782486
-0.04409276321530342,-0.0733630359172821,-0.05526923388242722
-0.02764642424881458,-0.1529968529939651,-0.05278347432613373
-0.009623977355659008,-0.2309939861297607,-0.04845547303557396
0.009928649291396141,-0.3071514666080475,-0.04229569807648659
0.03090894781053066,-0.381289154291153,-0.03437449410557747
0.05315795913338661,-0.4532423317432404,-0.02482067048549652
0.07647298276424408,-0.5228607058525085,-0.01380878034979105
0.100624643266201,-0.5900108218193054,-0.001542636309750378
0.1253695040941238,-0.6545783877372742,0.01175674982368946
0.1504520326852798,-0.7164652347564697,0.02585360780358315
0.1755996197462082,-0.7755794525146484,0.04049426317214966
0.2005223780870438,-0.831820547580719,0.05540938302874565
0.2249233722686768,-0.8850681185722351,0.07032617181539536
0.2485142797231674,-0.9351791143417358,0.08498426526784897
0.2710301578044891,-0.9819937944412231,0.09914927929639816
0.2922435700893402,-1.025350093841553,0.1126243397593498
0.3119785487651825,-1.06510329246521,0.1252605319023132
0.3301215469837189,-1.101146697998047,0.1369639933109283
0.3466256260871887,-1.133429884910583,0.1476970613002777
0.361503392457962,-1.161970734596252,0.1574691385030746
0.3748064637184143,-1.186861276626587,0.166315421462059
0.3865980803966522,-1.208264112472534,0.1742703318595886
0.3969334661960602,-1.226398110389709,0.1813507080078125
0.4058553874492645,-1.241514921188354,0.1875554472208023
0.41339972615242,-1.253873705863953,0.1928752064704895
0.4196019172668457,-1.26372218132019,0.1973023265600204
0.4244999885559082,-1.271284818649292,0.2008355706930161
0.4281322360038757,-1.276757836341858,0.2034790515899658
0.4305324554443359,-1.280303716659546,0.2052380442619324
0.4317256808280945,-1.282044053077698,0.2061163932085037